{
  "Component-dbg.js": 1688022721692,
  "manifest.json": 1688480346717,
  "model/models.js": 1688022721700,
  "controller/Master.controller.js": 1688037222043,
  "controller/EmpMaster.controller.js": 1688387726556,
  "controller/EmpDetail.controller.js": 1688452908657,
  "controller/CreateNewEmp.controller.js": 1688462971429,
  "controller/App.controller.js": 1688022721704,
  "Component.js": 1688022721692,
  "Component-preload.js": 1688480347280,
  "controller/CreateNewEmp-dbg.controller.js": 1688462971429,
  "controller/Master-dbg.controller.js": 1688037222043,
  "controller/EmpMaster-dbg.controller.js": 1688387726556,
  "controller/EmpDetail-dbg.controller.js": 1688452908657,
  "model/models-dbg.js": 1688022721700,
  "controller/App-dbg.controller.js": 1688022721704,
  "i18n/i18n.properties": 1688022746688,
  "view/Master.view.xml": 1688038246104,
  "view/EmpMaster.view.xml": 1688386628605,
  "view/EmpDetail.view.xml": 1688463157831,
  "view/DeptValueHelp.fragment.xml": 1688462693071,
  "view/CreateNewEmp.view.xml": 1688463244027,
  "view/App.view.xml": 1688028992761,
  "view/AddressValueHelp.fragment.xml": 1688380965097,
  "css/style.css": 1688022721708,
  "index.html": 1688022721692
}